run_id,suite,seed,task_id,level,status,pass,score,duration_ms,agents_executed,tokens_total,tokens_input,tokens_output,tokens_thinking,tokens_assembly,tokens_execution,tokens_verification,tokens_adapt,tokens_self_healing,cost_usd,model_config_id,missing_keywords,missing_sections,error,cot_verification,self_reflection,reflection_correction,reflection_tokens
30898ca7-caba-4375-b880-5cc26f173103,domain_transfer,2,IT_L1_server_outage,L1,resolved,False,0.778,54769,5,20325,16829,3496,0,2635,20325,1679,0,0,0.003081,DT-WEAK-WARM,Stoerungsbericht,Vorfalldaten,,True,False,0.0,0
30898ca7-caba-4375-b880-5cc26f173103,domain_transfer,2,IT_L1_network_disruption,L1,resolved,False,0.9,62370,5,27081,23319,3762,0,2710,27081,1759,0,0,0.003837,DT-WEAK-WARM,,Vorfalldaten,,True,False,0.0,0
30898ca7-caba-4375-b880-5cc26f173103,domain_transfer,2,IT_L1_password_reset_incident,L1,resolved,False,0.8,39196,5,18185,15484,2701,0,2762,18185,2291,0,0,0.002629,DT-WEAK-WARM,,Ticketdaten;Analyse,,True,True,0.08,612
30898ca7-caba-4375-b880-5cc26f173103,domain_transfer,2,IT_L2_multi_team_incident,L2,failed,False,0.0,0,0,0,0,0,0,0,0,0,0,0,0.0,DT-WEAK-WARM,,,,False,False,0.0,0
30898ca7-caba-4375-b880-5cc26f173103,domain_transfer,2,IT_L2_change_incident_combined,L2,build_failed,False,0.0,235000,0,0,0,0,0,0,0,0,0,0,0.0,DT-WEAK-WARM,,,,False,False,0.0,0
30898ca7-caba-4375-b880-5cc26f173103,domain_transfer,2,IT_L2_capacity_planning,L2,resolved,False,0.833,48499,5,30284,25684,4600,0,2705,30284,2259,0,0,0.004408,DT-WEAK-WARM,,Ist-Zustand;Wachstumsanalyse,,True,False,0.0,0
30898ca7-caba-4375-b880-5cc26f173103,domain_transfer,2,IT_L3_root_cause_analysis,L3,resolved,False,0.615,118082,5,23698,20445,3253,0,2867,23698,2033,0,0,0.003346,DT-WEAK-WARM,Root-Cause,Timeline;Impact;Root-Cause;Workaround,,True,False,0.0,0
30898ca7-caba-4375-b880-5cc26f173103,domain_transfer,2,IT_L3_postmortem_with_impact,L3,resolved,False,0.692,133060,5,32464,26978,5486,0,2936,32464,2174,0,0,0.004892,DT-WEAK-WARM,Post-Mortem,Vorfallzusammenfassung;Timeline;Root-Cause,,True,False,0.0,0
30898ca7-caba-4375-b880-5cc26f173103,domain_transfer,2,IT_L3_disaster_recovery_test,L3,resolved,False,0.833,61834,5,38387,31651,6736,0,2813,38387,2136,0,0,0.00586,DT-WEAK-WARM,Disaster-Recovery,Empfehlungen,,True,False,0.0,0
30898ca7-caba-4375-b880-5cc26f173103,domain_transfer,2,IT_L4_security_breach_analysis,L4,failed,False,0.0,0,0,0,0,0,0,0,0,0,0,0,0.0,DT-WEAK-WARM,,,,False,False,0.0,0
30898ca7-caba-4375-b880-5cc26f173103,domain_transfer,2,IT_L4_compliance_audit,L4,failed,False,0.0,0,0,0,0,0,0,0,0,0,0,0,0.0,DT-WEAK-WARM,,,,False,False,0.0,0
30898ca7-caba-4375-b880-5cc26f173103,domain_transfer,2,IT_L4_cloud_migration_assessment,L4,resolved,False,0.917,108675,5,29613,24139,5474,0,2850,29613,2262,0,0,0.004603,DT-WEAK-WARM,,Empfehlung,,True,False,0.0,0
30898ca7-caba-4375-b880-5cc26f173103,domain_transfer,2,MP_L1_team_standup,L1,resolved,True,1.0,56515,5,29040,23853,5187,0,2736,29040,2072,0,0,0.00446,DT-WEAK-WARM,,,,True,False,0.0,0
30898ca7-caba-4375-b880-5cc26f173103,domain_transfer,2,MP_L1_decision_log,L1,resolved,False,0.8,83231,5,30747,25483,5264,0,3162,30747,2599,0,0,0.004654,DT-WEAK-WARM,,Teilnehmer;Verantwortlichkeiten,,True,True,-0.07,611
30898ca7-caba-4375-b880-5cc26f173103,domain_transfer,2,MP_L1_status_update,L1,failed,False,0.0,0,0,0,0,0,0,0,0,0,0,0,0.0,DT-WEAK-WARM,,,,False,False,0.0,0
30898ca7-caba-4375-b880-5cc26f173103,domain_transfer,2,MP_L2_project_kickoff,L2,failed,False,0.0,0,0,0,0,0,0,0,0,0,0,0,0.0,DT-WEAK-WARM,,,,False,False,0.0,0
30898ca7-caba-4375-b880-5cc26f173103,domain_transfer,2,MP_L2_sprint_retrospective,L2,resolved,False,0.846,67729,5,50745,43061,7684,0,2908,50745,2035,0,0,0.00738,DT-WEAK-WARM,,Sprintdaten;Metriken,,True,False,0.0,0
30898ca7-caba-4375-b880-5cc26f173103,domain_transfer,2,MP_L2_architecture_review,L2,resolved,False,0.917,83509,5,29773,23878,5895,0,2982,29773,2424,0,0,0.004746,DT-WEAK-WARM,,Ist-Zustand,,True,False,0.0,0
30898ca7-caba-4375-b880-5cc26f173103,domain_transfer,2,MP_L3_budget_review,L3,failed,False,0.0,0,0,0,0,0,0,0,0,0,0,0,0.0,DT-WEAK-WARM,,,,False,False,0.0,0
30898ca7-caba-4375-b880-5cc26f173103,domain_transfer,2,MP_L3_vendor_evaluation,L3,resolved,False,0.923,342915,5,129026,110904,18122,0,2938,74427,4072,3062,0,0.018339,DT-WEAK-WARM,,Kandidatenvergleich,,True,False,0.0,0
30898ca7-caba-4375-b880-5cc26f173103,domain_transfer,2,MP_L3_risk_workshop,L3,resolved,False,0.917,107757,5,34227,27860,6367,0,3027,34227,3087,0,0,0.005333,DT-WEAK-WARM,,Workshopdaten,,True,True,0.09,636
30898ca7-caba-4375-b880-5cc26f173103,domain_transfer,2,MP_L4_board_meeting,L4,resolved,False,0.75,85577,5,36548,29237,7311,0,2944,36548,2684,0,0,0.005848,DT-WEAK-WARM,,Sitzungsdaten;Tagesordnung;Abstimmungsergebnisse,,True,False,0.0,0
30898ca7-caba-4375-b880-5cc26f173103,domain_transfer,2,MP_L4_regulatory_compliance_meeting,L4,failed,False,0.0,42998,5,8279,5803,2476,0,6243,8279,6277,2220,0,0.001571,DT-WEAK-WARM,,,,True,True,0.4,682
30898ca7-caba-4375-b880-5cc26f173103,domain_transfer,2,MP_L4_ma_integration_planning,L4,failed,False,0.0,0,0,0,0,0,0,0,0,0,0,0,0.0,DT-WEAK-WARM,,,,False,False,0.0,0
